author,n
Lee4an,46
Partypooper009,80
Jenna1021,41
ALMEHZA_02,1
Fakehashish,32
TheeeHman,3
dontlookatme20,3
dogerlove,3
theblacktaco,1
idkwhattodoy,2
hahahahhahelpme,11
The_real_Schnitzel,1
vicsloan,20
katajin31309,1
Xsxcx,1
porchcoors50,4
idiociest,1
BizzarGhostGaming,2
AmazingDieudo,10
RayShmurda6,1
Lost-n-Confused28,2
GrimmMarshal,3
inception73,2
Rahulkumar18,1
MBSUPERSPAZZ,46
eriktheredhead,143
randomstuff063,71
llIlIllilIlllI,5
pego_tinn,2
whoisthatgirl1,3
jtothew,8
PrettyGarden,1
onstarcraft,1
ablogotrip9,1
toxicdogg13,1
CaseyNeistatsHEAD,1
neetro,673
linuxismylyf,369
OblitusSumMori,248
BreatheTheVoodoo,19
jason8001,919
Athronoak,78
SniperGodShino,1
PyroFromTheMoon,142
2Gunz1,1
Mortalia,1
astromoco,3
SuperBellV,164
jedaisaboteur,33
jSqaur3,179
Gunman862,43
sk8v,1
wufstreetart,11
C_Tommy_Howell,1
cyborgnick,1
marvelheroesfan,6
miurte,1
GrowUpBeARealMan,2
2ndPhoneAccount,2
fuckthatracistshit,1
carolsatkin,1
woodlark14,2904
PhyterJet,1071
UziFoo,799
Acerdrive,49
iamthehyneman,93
GhettoBenz,192
d123pw,5
GimmedatpizzaSWAG,30
MegaMuffinz,17
gilly65,2
CandyAndCyanide,9
NoScope57,1
sarahben3t,7
funknwagnelsw,1
Det_Smeg_Smegma,1
highflying,4
thezengrenadier,45
lotreman,55
Beaker184,2
CraigAtWork_,3
Shoulditeachphysed,1
wannab33,5
Drhouse89,5
Hachecode,1
watisthis112,2
refundme22,44
T-rabbit,458
thoughtswillwonder,38
PerryCox_MD,10
blackntasty,5
FireyShitBucket,307
ILiveInACup,52
Mike_Martz,81
DeadGrimmy,61
Bnicoletti,1
ashadds,6
ferry_01,1
Tux922,96
Side12,3
BlackCatSecurity,4
colinhall,2
thegirlwith2kitties,4
phatsbuddhaspot,3
Belovelant,2
Pookanator,6
Timpes,1
Throwaway12321432523,3
hummus73657356754,3
philthiust,34
fudgepacker9,2
usehernamehear,7
bad_meme_pun,3
Opiatethrowaway10,17
BustyMetropolis,136
nooBTCrader,338
the_Rabbit_Squad,1
keith1066,1
thadeus37,1
cobby,1
efleming969,1
zethuz,22
Mjpecca87,2
DiametricRegime,1
mrepair03,1
LEGALIZE_R4PE,10
Cat78728,1
RiverSevern,2
jgonieal,1
SparklingWalrus,5
nearlyascot,1
Irotholoro,1
movie65,2
yakkie21,253
DamielIT,3
nigports,7
hadenfarrell,23
iReaPxZ,2
Darkheart747,1
kochamciexo,8
aceinsubk,1
FreshFlesh,3
taigatiger,1
guywithashitblog,1
TrumpIsMyJesusChrist,11
hamessmith,2
Naughty-GF,1
Lelechrechre,1
LostBoy611,423
Beercatforlife,135
ilovecartoons_,3
spongebob2086,16
Josh_kid,135
DSGrahamJr,143
qpqpqpqpqpqpqpqp,33
throwitallaway200,22
Teufelsmietze,27
Rumblingtumblings,176
cooliorama,46
improper_comma_guy,5
Higher_Res_Bot,7
ohioan4bernie,3
eGFEAFS,7
Pirate-AdmiralWalrus,5
Squirtle8969,1
Cupboard500,1
bigp3t3,1409
Eazyzcore,18
okinawandugong,11
Psychothrowaway2014,3
Fister_Therapist,29
poopervisor,2
isimi,1
notorioususb,4
AreWe_WeAre,5
dpanchana,1
PresleyMafia,2
TIGAGIKA,1
C19lf,1
BruceTyson,1
snowoncotelandcont,2
saltybone1,1
hdzstream5,214
StenmarkCH,28
DownvotesRlife,36
el182,1
gijoejane,1
monavegas,6
mikibronx,16
ARagingNative,8
Riverbad,18
Grizzly5612,1
k_five,9
nicholaskno,10
LondonPenPals,1
Nutmegh,58
lsdmeththrowaway,22
duther1,9
Profoundone1,6
millbilliken,21
lisadaniellee,72
Schphilly,53
21_Yeets,2
luv2play,3
Naziriteworld,2
Philma_Kraken,4
ThePlasma,11
sm5656,3
Citrussnatch,6
csundergraduate,2
ihateaccounting69,3
pandabearpi,360
AllyHas,4
i_drive_rape_vans,7
toversations,11
SecretsOfTheUnknown,3
buildinganewcomputer,2
Discomfitting_SOB,7
mfenergy,7
ggggggforce,1
FFS_Already,9
Casualamathrowaway3,3
kamlahd,1
sdfjh87,2
nodester101,1
jmarks7448,3316
Allllliiiii,895
chensta111,464
yepprobablyno,26
heylookapizza,112
PoopNukem,81
ttfnsteph,61
jurydutyguy,6
tauretta,4
robinlime,1
originalsmp,6
dissectedgreninja,12
bpbeelen,20
pinkfatlips,2
thugware,123
SilverBadger90,431
mvp0818,133
tedmackey,352
DungeonLairBlog,4
knattymama,10
aantony10,3
oregoncamper,1
kirkwood,1
tiemen,2
